{
  "Delete" : {
    "transaction" : "Delete",
    "sampleCount" : 50,
    "errorCount" : 0,
    "errorPct" : 0.0,
    "meanResTime" : 405.0199999999999,
    "medianResTime" : 401.0,
    "minResTime" : 386.0,
    "maxResTime" : 509.0,
    "pct1ResTime" : 416.0,
    "pct2ResTime" : 453.2499999999999,
    "pct3ResTime" : 509.0,
    "throughput" : 2.566208170806816,
    "receivedKBytesPerSec" : 2.042641558458222,
    "sentKBytesPerSec" : 0.448585217357832
  },
  "Update List" : {
    "transaction" : "Update List",
    "sampleCount" : 50,
    "errorCount" : 0,
    "errorPct" : 0.0,
    "meanResTime" : 404.2199999999999,
    "medianResTime" : 399.0,
    "minResTime" : 385.0,
    "maxResTime" : 499.0,
    "pct1ResTime" : 422.2,
    "pct2ResTime" : 446.64999999999986,
    "pct3ResTime" : 499.0,
    "throughput" : 2.5656814449917897,
    "receivedKBytesPerSec" : 2.345493861607143,
    "sentKBytesPerSec" : 0.5913093955254516
  },
  "Total" : {
    "transaction" : "Total",
    "sampleCount" : 200,
    "errorCount" : 0,
    "errorPct" : 0.0,
    "meanResTime" : 375.04999999999995,
    "medianResTime" : 397.0,
    "minResTime" : 234.0,
    "maxResTime" : 681.0,
    "pct1ResTime" : 418.70000000000005,
    "pct2ResTime" : 466.84999999999997,
    "pct3ResTime" : 620.1400000000008,
    "throughput" : 9.507962918944617,
    "receivedKBytesPerSec" : 10.642604587592109,
    "sentKBytesPerSec" : 1.9104134478250534
  },
  "List User" : {
    "transaction" : "List User",
    "sampleCount" : 50,
    "errorCount" : 0,
    "errorPct" : 0.0,
    "meanResTime" : 272.88000000000005,
    "medianResTime" : 253.0,
    "minResTime" : 234.0,
    "maxResTime" : 621.0,
    "pct1ResTime" : 307.5,
    "pct2ResTime" : 427.6999999999995,
    "pct3ResTime" : 621.0,
    "throughput" : 2.5201612903225805,
    "receivedKBytesPerSec" : 4.795492849042339,
    "sentKBytesPerSec" : 0.3986973916330645
  },
  "Login Request" : {
    "transaction" : "Login Request",
    "sampleCount" : 50,
    "errorCount" : 0,
    "errorPct" : 0.0,
    "meanResTime" : 418.08000000000004,
    "medianResTime" : 404.0,
    "minResTime" : 389.0,
    "maxResTime" : 681.0,
    "pct1ResTime" : 463.0,
    "pct2ResTime" : 526.7499999999999,
    "pct3ResTime" : 681.0,
    "throughput" : 2.546084122619411,
    "receivedKBytesPerSec" : 2.2006720070781136,
    "sentKBytesPerSec" : 0.6116569278948976
  }
}